{
  "data_frame_name": "bart26k-live-team4-baseline",
  "target": "Actual Load",
  "task_name": "spotoptim",
  "timestamp": "20260622_184621",
  "best_params": {
    "estimator__num_leaves": 112,
    "estimator__max_depth": 5,
    "estimator__learning_rate": 0.006900155707921931,
    "estimator__n_estimators": 519,
    "estimator__bagging_fraction": 0.6983501890160281,
    "estimator__feature_fraction": 0.6914438403131421,
    "estimator__reg_alpha": 97.68482611838803,
    "estimator__reg_lambda": 47.3996750662761
  },
  "best_lags": [
    1,
    2,
    3,
    4,
    5,
    6,
    7,
    8,
    9,
    10,
    11,
    12,
    13,
    14,
    15,
    16,
    17,
    18,
    19,
    20,
    21,
    22,
    23,
    24,
    25,
    26,
    27,
    28,
    29,
    30,
    31,
    32,
    33,
    34,
    35,
    36,
    37,
    38,
    39,
    40,
    41,
    42,
    43,
    44,
    45,
    46,
    47,
    48
  ]
}