{
  "data_frame_name": "bart26k-live-syntaxerror-spotoptim",
  "target": "Actual Load",
  "task_name": "spotoptim",
  "timestamp": "20260622_191528",
  "best_params": {
    "estimator__num_leaves": 52,
    "estimator__max_depth": 7,
    "estimator__learning_rate": 0.1,
    "estimator__n_estimators": 1000,
    "estimator__bagging_fraction": 1.0,
    "estimator__feature_fraction": 0.794823040253278,
    "estimator__reg_alpha": 79.56571877287129,
    "estimator__reg_lambda": 55.31312466174246
  },
  "best_lags": [
    1,
    2,
    3,
    4,
    5,
    6,
    7,
    8,
    9,
    10,
    11,
    12,
    13,
    14,
    15,
    16,
    17,
    18,
    19,
    20,
    21,
    22,
    23,
    24,
    25,
    26,
    27,
    28,
    29,
    30,
    31,
    32,
    33,
    34,
    35,
    36,
    37,
    38,
    39,
    40,
    41,
    42,
    43,
    44,
    45,
    46,
    47,
    48
  ]
}