{
  "data_frame_name": "bart26k-live-team4",
  "target": "Actual Load",
  "task_name": "spotoptim",
  "timestamp": "20260611_204614",
  "best_params": {
    "estimator__num_leaves": 98,
    "estimator__max_depth": 5,
    "estimator__learning_rate": 0.01733807523512398,
    "estimator__n_estimators": 1754,
    "estimator__bagging_fraction": 0.8510764739508814,
    "estimator__feature_fraction": 0.6012448153875338,
    "estimator__reg_alpha": 6.766374005873597,
    "estimator__reg_lambda": 0.47776112206582244
  },
  "best_lags": [
    1,
    2,
    3,
    15,
    24,
    25,
    26,
    48,
    168,
    169
  ]
}